Scenario,Total_Portfolio,Expected_Loss,EL_Pct,Capital_Required
Baseline,4883000000.0,94427477.5,0.019338004812615196,118034346.875
Downside,4883000000.0,192713292.5,0.03946616680319476,240891615.625
Severe,4883000000.0,402786050.0,0.0824874155232439,503482562.5
